src_ip,dst_ip,src_port,dst_port,packet_size,protocol_type,timestamp
192.168.1.11,10.0.0.1,56465,25,523,TCP,0.0
192.168.1.24,10.0.0.1,51066,25,486,TCP,0.0025019498166262725
192.168.1.22,10.0.0.5,50031,53,705,UDP,0.01151152230983677
192.168.1.18,10.0.0.3,53776,53,186,UDP,0.025967873939918982
192.168.1.33,10.0.0.2,41442,22,133,TCP,0.03651456338100883
192.168.1.3,10.0.0.6,43574,443,265,TCP,0.05113802437868115
192.168.1.5,10.0.0.3,59837,53,1046,TCP,0.06364064993171571
192.168.1.6,10.0.0.8,43024,80,1091,TCP,0.0654454941825218
192.168.1.45,10.0.0.4,14444,80,821,UDP,0.0730018621758433
192.168.1.42,10.0.0.7,45793,25,989,TCP,0.0740018621758433
192.168.1.13,10.0.0.2,8894,25,1496,TCP,0.08182970334556676
192.168.1.41,10.0.0.5,1253,25,654,ICMP,0.08282970334556676
192.168.1.47,10.0.0.3,57213,443,840,TCP,0.09783094116438414
192.168.1.41,10.0.0.9,12956,22,1469,ICMP,0.10755420057023032
192.168.1.5,10.0.0.8,63221,53,262,TCP,0.12321911515556253
192.168.1.13,10.0.0.8,60108,25,985,ICMP,0.13213905248555505
192.168.1.36,10.0.0.6,58129,443,1461,UDP,0.14007996453065732
192.168.1.29,10.0.0.9,53459,53,899,TCP,0.1473435968225723
192.168.1.24,10.0.0.2,37570,80,221,TCP,0.16053587296857735
192.168.1.12,10.0.0.9,28138,22,671,ICMP,0.17045942388342405
192.168.1.46,10.0.0.1,61631,80,841,TCP,0.17963129670646755
192.168.1.47,10.0.0.4,33499,25,1301,TCP,0.19140323997228725
192.168.1.7,10.0.0.6,23856,25,686,TCP,0.20334707974271202
192.168.1.38,10.0.0.4,59429,53,1499,UDP,0.2162535443191073
192.168.1.21,10.0.0.9,43833,53,442,TCP,0.22921679138740303
192.168.1.18,10.0.0.2,10844,80,189,ICMP,0.24220455350402398
192.168.1.6,10.0.0.7,4811,53,1121,UDP,0.24320455350402398
192.168.1.6,10.0.0.6,3591,25,884,TCP,0.26126899638614015
192.168.1.40,10.0.0.6,51489,22,343,TCP,0.2693406019548349
192.168.1.45,10.0.0.7,55920,22,225,TCP,0.27662744270298256
192.168.1.35,10.0.0.2,5309,25,1438,TCP,0.28877569500555705
192.168.1.37,10.0.0.2,53382,443,816,TCP,0.30573225442510393
192.168.1.40,10.0.0.9,6152,443,970,TCP,0.31423978700686467
192.168.1.40,10.0.0.9,31573,53,881,UDP,0.32962515728501884
192.168.1.3,10.0.0.5,61548,80,1231,TCP,0.33994007285181377
192.168.1.28,10.0.0.1,60774,25,972,TCP,0.3549554565240597
192.168.1.6,10.0.0.8,54721,25,1098,TCP,0.36939606107363443
192.168.1.15,10.0.0.9,52910,22,594,TCP,0.37680995279701257
192.168.1.23,10.0.0.3,27763,443,355,TCP,0.39599163939354315
192.168.1.24,10.0.0.8,10729,22,1486,ICMP,0.4024929891323827
192.168.1.48,10.0.0.4,39157,80,1341,UDP,0.4074719501748672
192.168.1.47,10.0.0.8,13001,443,961,TCP,0.41628768170855135
192.168.1.25,10.0.0.6,32312,25,153,TCP,0.43123361127747917
192.168.1.34,10.0.0.4,9408,443,131,ICMP,0.4408539896296933
192.168.1.47,10.0.0.9,28488,53,1457,TCP,0.45474854393932407
192.168.1.43,10.0.0.6,3493,22,1114,TCP,0.4671511574379159
192.168.1.47,10.0.0.8,65415,53,1058,UDP,0.47974356304027976
192.168.1.3,10.0.0.7,39901,80,438,TCP,0.489798602074915
192.168.1.40,10.0.0.1,1529,443,1376,TCP,0.5000725115979321
192.168.1.2,10.0.0.1,7727,22,723,TCP,0.5057220480300212
192.168.1.15,10.0.0.8,56753,25,123,TCP,0.5152731729266056
192.168.1.27,10.0.0.9,62495,25,1147,UDP,0.5264369712264709
192.168.1.33,10.0.0.6,21616,80,631,ICMP,0.5408123747336246
192.168.1.45,10.0.0.6,10257,25,717,TCP,0.5535816406742591
192.168.1.26,10.0.0.6,43604,22,118,TCP,0.555455915424123
192.168.1.9,10.0.0.7,51855,80,681,TCP,0.5623535665598505
192.168.1.49,10.0.0.4,33229,53,126,TCP,0.5773496105252782
192.168.1.36,10.0.0.2,11854,80,1356,ICMP,0.5821338438740429
192.168.1.1,10.0.0.3,12861,25,960,TCP,0.5970195844404831
192.168.1.42,10.0.0.4,45862,80,1088,UDP,0.6036087575464488
192.168.1.29,10.0.0.7,34999,22,818,UDP,0.6126465413876202
192.168.1.28,10.0.0.7,55318,443,1096,UDP,0.6215202462147214
192.168.1.24,10.0.0.7,54455,25,604,UDP,0.6309281212077822
192.168.1.25,10.0.0.2,64732,53,1164,TCP,0.6369934094141525
192.168.1.6,10.0.0.3,8104,443,772,TCP,0.643763775323792
192.168.1.40,10.0.0.3,54569,80,281,TCP,0.6557349546403284
192.168.1.14,10.0.0.1,19068,25,672,TCP,0.6613320365423346
192.168.1.41,10.0.0.3,29646,53,422,ICMP,0.6716274198779476
192.168.1.3,10.0.0.6,9140,25,1388,TCP,0.6829057067929167
192.168.1.6,10.0.0.6,50736,443,89,TCP,0.6943320674663772
192.168.1.12,10.0.0.7,40689,53,695,TCP,0.7033116371616948
192.168.1.22,10.0.0.1,42094,80,352,UDP,0.7126001419133852
192.168.1.41,10.0.0.3,42237,443,622,UDP,0.7259186551951989
192.168.1.3,10.0.0.4,28105,25,102,TCP,0.7315653369072174
192.168.1.2,10.0.0.7,7055,443,450,TCP,0.7418548116604635
192.168.1.8,10.0.0.9,4915,25,983,UDP,0.7465283829257717
192.168.1.46,10.0.0.4,28310,25,1098,TCP,0.7478579251668013
192.168.1.14,10.0.0.4,38891,80,294,TCP,0.7594088899443316
192.168.1.21,10.0.0.9,46488,443,733,TCP,0.7702492046028426
192.168.1.34,10.0.0.4,38328,25,765,UDP,0.7801652702240289
192.168.1.30,10.0.0.4,16028,22,137,TCP,0.791005309905687
192.168.1.15,10.0.0.8,50815,25,178,UDP,0.8028528265154241
192.168.1.44,10.0.0.9,7761,25,344,TCP,0.824981106946606
192.168.1.39,10.0.0.1,58415,53,1356,TCP,0.825981106946606
192.168.1.37,10.0.0.9,47290,443,1024,TCP,0.8338956643071282
192.168.1.29,10.0.0.5,46340,25,147,TCP,0.8413674689169857
192.168.1.26,10.0.0.7,37144,25,274,TCP,0.8592053716176622
192.168.1.45,10.0.0.4,50124,25,1312,UDP,0.8698466873372089
192.168.1.23,10.0.0.7,40853,22,1031,UDP,0.8882091066261404
192.168.1.16,10.0.0.4,64356,25,222,TCP,0.8950845069328336
192.168.1.2,10.0.0.3,37253,25,1472,UDP,0.90037473982946
192.168.1.18,10.0.0.9,63311,80,1422,TCP,0.9103209274367013
192.168.1.49,10.0.0.7,13833,25,1070,TCP,0.9279616061690348
192.168.1.23,10.0.0.1,37249,443,482,TCP,0.9413325174047229
192.168.1.28,10.0.0.2,40350,443,90,TCP,0.9571702666445795
192.168.1.5,10.0.0.2,21778,443,835,TCP,0.9653033294703891
192.168.1.11,10.0.0.7,29890,25,100,TCP,0.9720056523624238
192.168.1.43,10.0.0.1,30492,25,974,TCP,0.9795756381770577
192.168.1.41,10.0.0.6,17640,22,746,UDP,0.9859813628845882
192.168.1.19,10.0.0.7,7959,25,1119,ICMP,1.0037753250949524
192.168.1.33,10.0.0.1,30821,25,451,TCP,1.0068490694618277
192.168.1.20,10.0.0.7,41070,53,1112,TCP,1.0145103563762736
192.168.1.9,10.0.0.7,17954,22,1074,TCP,1.0198514793720954
192.168.1.48,10.0.0.9,31587,80,505,UDP,1.0344355758094843
192.168.1.46,10.0.0.1,1501,22,91,TCP,1.044637311987927
192.168.1.1,10.0.0.1,1452,443,972,TCP,1.055837407442862
192.168.1.49,10.0.0.1,49490,25,791,TCP,1.0613618950643255
192.168.1.5,10.0.0.5,30296,80,1050,ICMP,1.0654975058477216
192.168.1.18,10.0.0.5,33039,443,568,UDP,1.0761276946624823
192.168.1.20,10.0.0.3,19822,22,1416,UDP,1.091510310791687
192.168.1.6,10.0.0.8,28309,443,305,TCP,1.0979597761803253
192.168.1.6,10.0.0.6,32874,25,651,TCP,1.1107531746538928
192.168.1.28,10.0.0.7,60996,22,895,TCP,1.1231868775602027
192.168.1.23,10.0.0.2,32325,443,661,TCP,1.1338668276257666
192.168.1.13,10.0.0.9,14340,22,567,TCP,1.1433706493347566
192.168.1.39,10.0.0.2,32230,443,186,TCP,1.1597489191711396
192.168.1.44,10.0.0.7,5904,22,1459,ICMP,1.168413899743346
192.168.1.26,10.0.0.9,23606,80,824,ICMP,1.1735374296432666
192.168.1.27,10.0.0.7,25615,25,792,UDP,1.1876969260883727
192.168.1.37,10.0.0.9,52921,53,784,TCP,1.1990692985449611
192.168.1.39,10.0.0.5,51814,22,562,TCP,1.2017086953091103
192.168.1.15,10.0.0.9,60586,22,391,TCP,1.2108623421901554
192.168.1.35,10.0.0.1,39069,443,924,TCP,1.22067071464603
192.168.1.1,10.0.0.1,22515,80,731,ICMP,1.2375658089276123
192.168.1.4,10.0.0.4,22715,53,1436,TCP,1.2501213123976394
192.168.1.19,10.0.0.1,45101,25,1187,TCP,1.270540296461819
192.168.1.46,10.0.0.3,12331,22,386,TCP,1.2840896071022625
192.168.1.38,10.0.0.3,51770,53,314,TCP,1.2932060069026918
192.168.1.39,10.0.0.3,29788,80,1021,UDP,1.3038926820481995
192.168.1.32,10.0.0.4,3124,443,551,TCP,1.3232990887512412
192.168.1.22,10.0.0.5,26722,22,720,ICMP,1.3414742542428413
192.168.1.22,10.0.0.8,60617,53,1069,UDP,1.3504591115811924
192.168.1.31,10.0.0.7,23126,53,866,UDP,1.3668796467669284
192.168.1.31,10.0.0.2,45741,443,856,UDP,1.3758506349155746
192.168.1.44,10.0.0.6,60419,443,592,TCP,1.3786459001413587
192.168.1.3,10.0.0.3,11178,22,1169,UDP,1.3882693827783332
192.168.1.34,10.0.0.5,23566,443,212,UDP,1.403208438772153
192.168.1.13,10.0.0.8,44632,25,1287,TCP,1.408168880536711
192.168.1.3,10.0.0.6,42795,25,1164,TCP,1.4215245797302232
192.168.1.44,10.0.0.1,38555,25,1313,ICMP,1.432008247673548
192.168.1.24,10.0.0.9,38640,22,123,TCP,1.4418564593222747
192.168.1.12,10.0.0.8,64141,22,398,TCP,1.455441376347682
192.168.1.18,10.0.0.3,54242,53,508,TCP,1.4699850006268942
192.168.1.12,10.0.0.1,46412,443,1021,TCP,1.4734100926717861
192.168.1.36,10.0.0.5,25578,443,846,TCP,1.4862515361622
192.168.1.4,10.0.0.9,44132,53,481,TCP,1.5011476545450944
192.168.1.25,10.0.0.6,42045,80,246,UDP,1.5106161419425779
192.168.1.25,10.0.0.3,19372,53,423,UDP,1.5142781424511769
192.168.1.13,10.0.0.2,38255,25,902,ICMP,1.529895693649348
192.168.1.47,10.0.0.9,24476,443,837,TCP,1.5459114277650843
192.168.1.9,10.0.0.6,8404,80,650,TCP,1.5560177999350673
192.168.1.31,10.0.0.8,52727,53,1397,TCP,1.5699584175434187
192.168.1.4,10.0.0.9,22011,53,1228,TCP,1.5769758166555063
192.168.1.28,10.0.0.1,53992,22,315,TCP,1.5898879206068492
192.168.1.21,10.0.0.5,31758,80,149,TCP,1.6036331183362993
192.168.1.31,10.0.0.5,10700,80,1394,ICMP,1.6098233057449611
192.168.1.4,10.0.0.7,63066,443,1272,ICMP,1.623216372796298
192.168.1.28,10.0.0.2,55678,443,557,ICMP,1.634166230562914
192.168.1.7,10.0.0.5,29513,80,340,UDP,1.6414715877201755
192.168.1.6,10.0.0.8,5852,80,849,TCP,1.6511939415356147
192.168.1.8,10.0.0.8,33818,22,1211,TCP,1.653782709521054
192.168.1.34,10.0.0.8,34643,80,1457,UDP,1.6699824706439672
192.168.1.28,10.0.0.5,51359,25,674,UDP,1.6786093179042294
192.168.1.33,10.0.0.9,34620,25,303,UDP,1.6830087510490603
192.168.1.17,10.0.0.8,13436,22,452,UDP,1.6878274216015954
192.168.1.25,10.0.0.5,12430,25,635,TCP,1.6899647406929945
192.168.1.27,10.0.0.6,2694,443,597,TCP,1.7070196530949424
192.168.1.8,10.0.0.8,18143,443,312,TCP,1.7104516827195475
192.168.1.32,10.0.0.4,11235,443,728,UDP,1.7199641447828893
192.168.1.32,10.0.0.4,11982,80,249,TCP,1.7235645989301138
192.168.1.29,10.0.0.6,36121,22,115,UDP,1.7314668704247496
192.168.1.43,10.0.0.3,23611,443,1414,UDP,1.7429524643310166
192.168.1.37,10.0.0.5,13103,25,886,TCP,1.761027389520646
192.168.1.34,10.0.0.6,47759,53,889,TCP,1.7758269647940317
192.168.1.29,10.0.0.9,20957,25,1360,TCP,1.788747352128618
192.168.1.47,10.0.0.4,36642,53,562,UDP,1.795678417721452
192.168.1.36,10.0.0.2,36480,443,1162,UDP,1.801104480066159
192.168.1.35,10.0.0.5,28605,443,229,UDP,1.8027990000995877
192.168.1.7,10.0.0.9,45436,22,855,TCP,1.813769451470564
192.168.1.29,10.0.0.8,11104,53,625,TCP,1.8290945023738994
192.168.1.7,10.0.0.2,36168,53,1361,UDP,1.8347080813847236
192.168.1.5,10.0.0.5,55270,22,242,TCP,1.8475281029678863
192.168.1.40,10.0.0.6,25548,53,1024,TCP,1.8500064926473312
192.168.1.25,10.0.0.8,27226,80,932,TCP,1.8515692541718807
192.168.1.28,10.0.0.8,34061,80,1300,TCP,1.8525692541718806
192.168.1.9,10.0.0.3,13196,53,1498,TCP,1.8651995727532875
192.168.1.35,10.0.0.9,32443,25,823,TCP,1.8733250778594017
192.168.1.19,10.0.0.9,23230,22,1492,TCP,1.879180470930218
192.168.1.46,10.0.0.1,32388,80,698,ICMP,1.892763377376173
192.168.1.34,10.0.0.6,3321,53,1028,UDP,1.903802122863081
192.168.1.26,10.0.0.9,43478,22,345,TCP,1.9104250923898756
192.168.1.14,10.0.0.2,24769,80,1319,TCP,1.9136342963230584
192.168.1.18,10.0.0.1,17157,443,467,TCP,1.9217871449740314
192.168.1.11,10.0.0.6,46852,22,726,TCP,1.924092635971977
192.168.1.27,10.0.0.5,3332,443,1035,TCP,1.9292448304288827
192.168.1.17,10.0.0.5,27504,25,564,TCP,1.946708236014613
192.168.1.9,10.0.0.2,64914,80,148,TCP,1.952325984014313
192.168.1.8,10.0.0.1,43596,80,1274,TCP,1.9608980106158516
192.168.1.43,10.0.0.1,27585,25,1354,TCP,1.9686053330905318
192.168.1.41,10.0.0.3,60039,53,748,TCP,1.9775348475093457
192.168.1.17,10.0.0.6,57325,80,446,TCP,1.984249384736411
192.168.1.25,10.0.0.2,10070,22,788,TCP,1.9990560785255256
192.168.1.42,10.0.0.5,45406,22,703,UDP,2.0082874797590593
192.168.1.6,10.0.0.8,12366,80,367,TCP,2.020671562373319
192.168.1.39,10.0.0.2,36705,53,918,UDP,2.0288193767539338
192.168.1.4,10.0.0.7,23697,53,299,TCP,2.0404171053079425
192.168.1.20,10.0.0.6,25809,22,310,UDP,2.0429264109475502
192.168.1.46,10.0.0.1,59032,53,426,ICMP,2.05439732600842
192.168.1.47,10.0.0.5,56756,443,1208,TCP,2.0646981695377526
192.168.1.25,10.0.0.9,20965,25,1283,TCP,2.073505106065248
192.168.1.3,10.0.0.6,58308,443,1401,TCP,2.0903878962073517
192.168.1.30,10.0.0.8,22780,53,983,TCP,2.1044796859437644
192.168.1.5,10.0.0.7,62756,443,1136,TCP,2.107258478117618
192.168.1.14,10.0.0.2,2428,53,104,TCP,2.1082584781176177
192.168.1.25,10.0.0.3,42830,22,597,ICMP,2.119993436170614
192.168.1.48,10.0.0.3,48089,22,1082,TCP,2.124852651335436
192.168.1.18,10.0.0.7,33749,53,1442,TCP,2.136400397114492
192.168.1.24,10.0.0.5,49457,80,876,TCP,2.141321576827235
192.168.1.17,10.0.0.2,41559,443,1464,TCP,2.1529072233663293
192.168.1.38,10.0.0.4,9302,80,645,TCP,2.1660253440882724
192.168.1.2,10.0.0.6,38748,80,715,TCP,2.1768723821127254
192.168.1.9,10.0.0.7,59677,22,1183,TCP,2.180693917920734
192.168.1.8,10.0.0.8,51131,53,255,TCP,2.19986950627492
192.168.1.25,10.0.0.4,9609,25,252,TCP,2.205153379837379
192.168.1.29,10.0.0.8,17933,53,879,TCP,2.226641019818649
192.168.1.2,10.0.0.6,45500,53,394,TCP,2.2379855936327395
192.168.1.28,10.0.0.2,17282,22,300,TCP,2.253211068375887
192.168.1.19,10.0.0.1,41884,443,509,TCP,2.26622382466634
192.168.1.47,10.0.0.6,22876,80,248,TCP,2.2720759239405703
192.168.1.13,10.0.0.7,47997,80,1200,ICMP,2.273673242459803
192.168.1.42,10.0.0.6,36783,443,68,UDP,2.287736008044326
192.168.1.28,10.0.0.3,39659,80,1011,UDP,2.301222430554987
192.168.1.21,10.0.0.7,49965,443,1228,ICMP,2.3155400214233546
192.168.1.31,10.0.0.6,65287,53,743,UDP,2.3262404344551357
192.168.1.10,10.0.0.6,37193,443,1333,UDP,2.339299289482647
192.168.1.48,10.0.0.3,62257,22,71,UDP,2.3525002571019287
192.168.1.39,10.0.0.6,54252,53,770,UDP,2.354285740911771
192.168.1.40,10.0.0.2,10576,22,751,UDP,2.3647652252075595
192.168.1.20,10.0.0.4,39150,53,487,UDP,2.3698754442977146
192.168.1.17,10.0.0.1,34987,443,890,TCP,2.379928942494876
192.168.1.12,10.0.0.6,40188,443,1486,UDP,2.3861388337345733
192.168.1.2,10.0.0.4,44201,53,283,UDP,2.4024968795473916
192.168.1.18,10.0.0.7,26536,22,1005,TCP,2.4146493963706708
192.168.1.1,10.0.0.8,36679,80,854,TCP,2.425753330130345
192.168.1.49,10.0.0.2,36622,80,603,UDP,2.4355136573303366
192.168.1.2,10.0.0.8,41989,25,639,UDP,2.4477158407378083
192.168.1.14,10.0.0.8,56864,443,162,TCP,2.4648392915597728
192.168.1.12,10.0.0.9,32045,80,1482,UDP,2.4744857441053494
192.168.1.13,10.0.0.7,8286,80,522,TCP,2.4901930590318835
192.168.1.13,10.0.0.1,30312,25,249,ICMP,2.498433273713637
192.168.1.34,10.0.0.5,8506,22,541,TCP,2.5133714490835812
192.168.1.49,10.0.0.1,41170,443,1063,TCP,2.516798525371549
192.168.1.40,10.0.0.8,61004,25,1282,UDP,2.53588610577326
192.168.1.8,10.0.0.1,55825,22,911,ICMP,2.5438812297032305
192.168.1.3,10.0.0.9,64279,443,515,TCP,2.555084515216734
192.168.1.48,10.0.0.4,52739,22,667,TCP,2.5612303106705516
192.168.1.42,10.0.0.3,24455,80,106,TCP,2.564585223026365
192.168.1.18,10.0.0.2,56891,53,1000,TCP,2.5839353923798645
192.168.1.18,10.0.0.2,10910,53,871,TCP,2.58894138765255
192.168.1.38,10.0.0.8,50913,443,932,TCP,2.600276076993726
192.168.1.20,10.0.0.6,8031,80,621,TCP,2.608740718891885
192.168.1.6,10.0.0.3,53282,80,86,TCP,2.6198932334741816
192.168.1.29,10.0.0.3,51434,53,964,TCP,2.634676024655285
192.168.1.25,10.0.0.2,9067,53,1142,ICMP,2.6488146960914762
192.168.1.14,10.0.0.4,40645,80,807,TCP,2.6642738108723614
192.168.1.36,10.0.0.2,5212,80,1143,TCP,2.6780580791566453
192.168.1.25,10.0.0.3,63764,443,1469,UDP,2.6914950708395105
192.168.1.34,10.0.0.2,36465,443,840,TCP,2.7031770823601704
192.168.1.16,10.0.0.9,38756,443,1322,ICMP,2.7107565978332495
192.168.1.27,10.0.0.4,37756,25,95,UDP,2.7200453068545913
192.168.1.16,10.0.0.4,20319,53,1367,UDP,2.7272188952465957
192.168.1.6,10.0.0.5,19027,80,509,UDP,2.7417768695410403
192.168.1.48,10.0.0.2,5185,443,797,UDP,2.746914703477119
192.168.1.31,10.0.0.3,58838,443,91,TCP,2.7592168989110366
192.168.1.18,10.0.0.4,35288,443,472,TCP,2.780078928559175
192.168.1.45,10.0.0.8,62697,443,1132,UDP,2.8019649496773633
192.168.1.4,10.0.0.1,47307,22,569,TCP,2.8143381474795257
192.168.1.36,10.0.0.7,47459,53,1100,TCP,2.8259312682311974
192.168.1.9,10.0.0.6,46614,53,1239,TCP,2.836889389561896
192.168.1.17,10.0.0.9,28916,80,1406,UDP,2.8485115190394192
192.168.1.30,10.0.0.8,49702,443,983,TCP,2.8573527067753846
192.168.1.37,10.0.0.4,41256,53,372,TCP,2.8660843235597553
192.168.1.24,10.0.0.2,50544,443,964,TCP,2.8782216373812655
192.168.1.25,10.0.0.4,25077,80,111,UDP,2.8974323272677482
192.168.1.31,10.0.0.1,3736,25,1448,TCP,2.9054947862054483
192.168.1.1,10.0.0.7,35526,53,969,TCP,2.923140642408669
192.168.1.28,10.0.0.5,28141,53,89,TCP,2.9404569298132435
192.168.1.37,10.0.0.3,23327,22,703,TCP,2.957596604478844
192.168.1.36,10.0.0.5,10098,443,1384,UDP,2.9711129532679212
192.168.1.9,10.0.0.9,20883,80,1241,TCP,2.988934038597895
192.168.1.5,10.0.0.3,40212,80,1203,UDP,3.000769990816506
192.168.1.43,10.0.0.9,44956,443,663,UDP,3.0099754746790377
192.168.1.6,10.0.0.3,47882,443,756,TCP,3.016362632013998
192.168.1.8,10.0.0.5,52942,443,1114,UDP,3.0403022659732106
192.168.1.38,10.0.0.7,50772,22,96,TCP,3.049422256611426
192.168.1.40,10.0.0.2,60728,443,74,UDP,3.056216882303106
192.168.1.30,10.0.0.6,8681,443,280,UDP,3.0694531393214817
192.168.1.28,10.0.0.1,38731,25,1288,ICMP,3.0795303643149388
192.168.1.9,10.0.0.2,24444,22,1004,TCP,3.0849962921568554
192.168.1.11,10.0.0.5,8184,25,662,TCP,3.0994108149192607
192.168.1.5,10.0.0.9,11151,22,557,TCP,3.1154092143852368
192.168.1.44,10.0.0.6,64952,443,1353,TCP,3.13370247055792
192.168.1.30,10.0.0.9,2597,22,1476,TCP,3.14432892356484
192.168.1.29,10.0.0.7,5385,443,162,TCP,3.152673117122588
192.168.1.45,10.0.0.9,40401,25,102,TCP,3.1632490237223987
192.168.1.17,10.0.0.7,63299,25,1415,TCP,3.178589029386851
192.168.1.5,10.0.0.6,27611,25,533,TCP,3.1827639812594395
192.168.1.42,10.0.0.8,63044,443,1210,UDP,3.1949776339487377
192.168.1.17,10.0.0.5,55955,443,1452,TCP,3.205046748585596
192.168.1.1,10.0.0.9,29660,25,1402,TCP,3.2107618218645535
192.168.1.14,10.0.0.2,18132,22,798,UDP,3.220420784312355
192.168.1.17,10.0.0.8,40575,22,334,TCP,3.2320820734649183
192.168.1.33,10.0.0.7,55344,22,1397,TCP,3.2460538894075572
192.168.1.1,10.0.0.6,15309,443,350,TCP,3.2566121092176505
192.168.1.38,10.0.0.4,3325,53,596,UDP,3.263918021416686
192.168.1.11,10.0.0.7,32312,80,491,TCP,3.268219509092664
192.168.1.22,10.0.0.8,7646,25,1479,TCP,3.280153715967115
192.168.1.40,10.0.0.5,47956,53,983,TCP,3.296943548191762
192.168.1.24,10.0.0.2,15547,80,667,TCP,3.307209694060296
192.168.1.12,10.0.0.9,12349,22,1185,TCP,3.3269816045350447
192.168.1.12,10.0.0.9,11305,25,244,TCP,3.344338806695532
192.168.1.36,10.0.0.9,50944,443,756,TCP,3.3573684413034313
192.168.1.9,10.0.0.8,3879,25,491,TCP,3.3752556259114828
192.168.1.42,10.0.0.9,36453,25,748,TCP,3.3873983280262494
192.168.1.32,10.0.0.9,3595,80,133,UDP,3.396680284794545
192.168.1.44,10.0.0.1,15508,22,148,TCP,3.397680284794545
192.168.1.46,10.0.0.6,8652,22,1336,UDP,3.4092400056079417
192.168.1.36,10.0.0.5,37978,443,738,UDP,3.4241305506987247
192.168.1.34,10.0.0.4,61904,443,411,UDP,3.4350136676455847
192.168.1.33,10.0.0.5,43668,25,220,TCP,3.448879611407586
192.168.1.43,10.0.0.4,23900,22,1411,TCP,3.4622905816921192
192.168.1.49,10.0.0.6,49887,80,138,TCP,3.4740857631990796
192.168.1.31,10.0.0.1,18922,25,1010,UDP,3.4786579798979695
192.168.1.32,10.0.0.3,6427,80,1060,TCP,3.4905279614363125
192.168.1.33,10.0.0.8,16791,25,449,TCP,3.5001241921106203
192.168.1.35,10.0.0.1,14606,80,674,TCP,3.5050212480089304
192.168.1.10,10.0.0.2,47061,80,715,UDP,3.5192320458659503
192.168.1.46,10.0.0.9,20690,443,479,TCP,3.524758737854751
192.168.1.41,10.0.0.9,61669,25,80,TCP,3.5375781816925764
192.168.1.1,10.0.0.5,7999,22,1118,TCP,3.546136317023948
192.168.1.18,10.0.0.9,31122,53,728,TCP,3.5632901509526755
192.168.1.35,10.0.0.8,18530,443,458,TCP,3.5672767805226377
192.168.1.11,10.0.0.7,2925,80,575,TCP,3.57981667884938
192.168.1.22,10.0.0.8,25753,53,622,TCP,3.5951298423371973
192.168.1.9,10.0.0.1,10965,443,1037,TCP,3.6088148271069773
192.168.1.4,10.0.0.2,25958,443,447,UDP,3.6183241612279926
192.168.1.47,10.0.0.6,59565,25,666,UDP,3.6287269646129956
192.168.1.19,10.0.0.1,40023,80,924,ICMP,3.6376512544104456
192.168.1.39,10.0.0.5,52831,443,548,UDP,3.647785492201508
192.168.1.35,10.0.0.8,19383,443,360,TCP,3.659109198401825
192.168.1.36,10.0.0.2,9822,25,1113,ICMP,3.6707593984563522
192.168.1.22,10.0.0.7,32487,25,913,TCP,3.6810678977738003
192.168.1.40,10.0.0.8,50359,80,891,TCP,3.6820678977738
192.168.1.31,10.0.0.5,41054,443,895,TCP,3.6987635163534525
192.168.1.5,10.0.0.9,61606,53,721,TCP,3.7057321550393643
192.168.1.12,10.0.0.1,2911,25,363,ICMP,3.7100786451883727
192.168.1.34,10.0.0.4,31628,22,564,TCP,3.721597622014388
192.168.1.30,10.0.0.1,36727,80,945,TCP,3.7323106281589364
192.168.1.8,10.0.0.1,52562,22,357,TCP,3.7345261572211887
192.168.1.43,10.0.0.6,44785,22,855,TCP,3.7469025737179744
192.168.1.24,10.0.0.7,19244,22,407,TCP,3.7479025737179743
192.168.1.25,10.0.0.9,41030,22,1367,UDP,3.7544829234121897
192.168.1.31,10.0.0.2,21149,25,861,UDP,3.758776049460973
192.168.1.8,10.0.0.6,10280,25,254,TCP,3.7655169418230376
192.168.1.6,10.0.0.3,2037,25,442,TCP,3.7665169418230375
192.168.1.43,10.0.0.7,48789,443,1069,ICMP,3.775814666803039
192.168.1.44,10.0.0.8,38290,443,273,TCP,3.786066929051273
192.168.1.11,10.0.0.2,39911,53,1461,TCP,3.7932982155826798
192.168.1.33,10.0.0.6,9768,443,334,TCP,3.803199007205382
192.168.1.4,10.0.0.9,39379,25,1043,TCP,3.8097721525255945
192.168.1.42,10.0.0.2,8084,25,1386,TCP,3.8198534596938556
192.168.1.36,10.0.0.6,10435,22,923,TCP,3.8225476260560876
192.168.1.48,10.0.0.8,33495,22,1446,TCP,3.8311710920659374
192.168.1.24,10.0.0.6,49260,25,72,TCP,3.836927228945036
192.168.1.25,10.0.0.6,44475,80,1042,ICMP,3.844574140522574
192.168.1.24,10.0.0.9,39653,25,831,UDP,3.858435793840865
192.168.1.43,10.0.0.4,8843,53,463,UDP,3.8760082039427415
192.168.1.22,10.0.0.8,42799,22,1254,TCP,3.8936402968601835
192.168.1.43,10.0.0.2,6866,25,510,TCP,3.896383969240451
192.168.1.10,10.0.0.5,39464,22,1361,TCP,3.897383969240451
192.168.1.13,10.0.0.8,48197,25,883,TCP,3.9065238202361914
192.168.1.2,10.0.0.1,7153,25,1308,TCP,3.9213050444725845
192.168.1.47,10.0.0.3,12225,25,748,TCP,3.930642031439695
192.168.1.39,10.0.0.9,18497,80,1013,TCP,3.931642031439695
192.168.1.49,10.0.0.2,40274,443,366,TCP,3.9362091018114476
192.168.1.24,10.0.0.4,9214,80,1411,UDP,3.9433085071676732
192.168.1.2,10.0.0.3,54578,53,1055,TCP,3.955987243429306
192.168.1.24,10.0.0.1,18628,22,1229,TCP,3.9643707245309847
192.168.1.20,10.0.0.2,9920,22,114,UDP,3.9697697334714968
192.168.1.9,10.0.0.5,10373,80,197,ICMP,3.9800583258450155
192.168.1.12,10.0.0.8,14916,22,1458,TCP,3.9810583258450154
192.168.1.39,10.0.0.8,53609,80,965,UDP,3.9965843517420643
192.168.1.35,10.0.0.7,48956,22,353,TCP,4.018438124101326
192.168.1.31,10.0.0.2,27237,443,1115,UDP,4.0321461493239
192.168.1.19,10.0.0.4,24712,53,468,UDP,4.047857798366352
192.168.1.33,10.0.0.1,19072,25,701,TCP,4.060262327299599
192.168.1.49,10.0.0.6,16001,22,432,TCP,4.075195289194551
192.168.1.7,10.0.0.8,63865,22,1367,TCP,4.077348201098907
192.168.1.39,10.0.0.6,31758,80,689,TCP,4.0905942733040135
192.168.1.11,10.0.0.7,63143,80,1077,ICMP,4.094349620708219
192.168.1.7,10.0.0.9,22512,443,882,UDP,4.114774946236247
192.168.1.38,10.0.0.5,48399,25,586,TCP,4.133158615041022
192.168.1.22,10.0.0.4,60398,22,946,TCP,4.149636569253371
192.168.1.2,10.0.0.1,12203,443,1063,UDP,4.161807158170221
192.168.1.11,10.0.0.9,16651,80,603,TCP,4.179550677359082
192.168.1.6,10.0.0.4,20548,80,338,TCP,4.181566074764625
192.168.1.23,10.0.0.1,42484,53,1038,TCP,4.1879983099351055
192.168.1.18,10.0.0.8,50795,53,122,TCP,4.196202974302721
192.168.1.15,10.0.0.8,62300,80,1348,TCP,4.203665486990982
192.168.1.49,10.0.0.5,29238,443,627,TCP,4.212799365613615
192.168.1.34,10.0.0.7,4298,25,805,TCP,4.222408037272981
192.168.1.36,10.0.0.2,10283,443,1220,TCP,4.22461814595597
192.168.1.20,10.0.0.8,45146,80,1127,TCP,4.230701840254368
192.168.1.13,10.0.0.1,14295,80,1232,TCP,4.244864352807362
192.168.1.2,10.0.0.8,53381,53,1246,ICMP,4.252058430918141
192.168.1.45,10.0.0.2,23393,53,547,ICMP,4.257648793579394
192.168.1.31,10.0.0.3,6570,22,241,TCP,4.264944764869348
192.168.1.18,10.0.0.6,64207,25,1365,ICMP,4.27400853853658
192.168.1.29,10.0.0.7,53564,53,1391,TCP,4.279174072089003
192.168.1.12,10.0.0.6,19702,25,804,TCP,4.291278433484777
192.168.1.17,10.0.0.5,30495,22,1057,TCP,4.300424302121742
192.168.1.10,10.0.0.8,41197,25,839,TCP,4.301750489360525
192.168.1.15,10.0.0.7,10727,53,820,TCP,4.3139282566121935
192.168.1.6,10.0.0.8,15445,22,760,UDP,4.330337300706125
192.168.1.8,10.0.0.5,50484,22,259,TCP,4.334453247852617
192.168.1.38,10.0.0.6,4392,80,665,UDP,4.347552603407562
192.168.1.26,10.0.0.6,3309,22,573,TCP,4.353276800266641
192.168.1.32,10.0.0.2,65416,443,1441,TCP,4.362012459619425
192.168.1.16,10.0.0.3,33967,80,1371,TCP,4.373214042050246
192.168.1.2,10.0.0.2,65416,53,870,TCP,4.376183943281771
192.168.1.39,10.0.0.4,44205,22,776,TCP,4.391085459210737
192.168.1.25,10.0.0.8,51877,25,1360,UDP,4.4001153980968715
192.168.1.48,10.0.0.7,11855,443,934,TCP,4.4163323801074075
192.168.1.17,10.0.0.5,48804,53,846,UDP,4.417332380107408
192.168.1.17,10.0.0.8,47587,53,281,TCP,4.428484189153667
192.168.1.47,10.0.0.9,23615,25,395,TCP,4.442831832405294
192.168.1.13,10.0.0.9,42725,22,833,TCP,4.44853558424856
192.168.1.20,10.0.0.1,52777,22,130,TCP,4.449790845683812
192.168.1.13,10.0.0.1,61954,25,246,ICMP,4.459730663656421
192.168.1.11,10.0.0.4,35338,80,998,TCP,4.470021604279496
192.168.1.46,10.0.0.4,19576,80,1288,TCP,4.479574018147637
192.168.1.6,10.0.0.9,52128,53,1139,TCP,4.495127274816893
192.168.1.40,10.0.0.6,12626,80,1466,UDP,4.501149679339604
192.168.1.43,10.0.0.7,20606,443,325,TCP,4.509395786347063
192.168.1.27,10.0.0.8,53403,53,326,TCP,4.513815621275283
192.168.1.9,10.0.0.9,35187,443,1009,UDP,4.514815621275283
192.168.1.18,10.0.0.3,54505,22,302,UDP,4.516006787637962
192.168.1.15,10.0.0.3,7221,53,1330,TCP,4.525211709847639
192.168.1.35,10.0.0.5,47325,80,830,ICMP,4.535310128081141
192.168.1.23,10.0.0.3,49844,80,983,TCP,4.547874253637683
192.168.1.32,10.0.0.2,41943,80,318,TCP,4.560874451386787
192.168.1.14,10.0.0.4,57295,80,860,TCP,4.561874451386787
192.168.1.17,10.0.0.7,10722,443,129,TCP,4.579688489501881
192.168.1.10,10.0.0.2,64169,443,1154,TCP,4.5971048309657325
192.168.1.12,10.0.0.9,22173,53,1211,TCP,4.614202315344068
192.168.1.45,10.0.0.9,50640,22,1335,UDP,4.622003434027648
192.168.1.7,10.0.0.1,35316,443,1092,TCP,4.630555756836931
192.168.1.1,10.0.0.4,15107,22,688,UDP,4.636401116550659
192.168.1.21,10.0.0.8,39823,53,1162,ICMP,4.6374011165506595
192.168.1.20,10.0.0.2,7188,25,1293,TCP,4.647079811055867
192.168.1.49,10.0.0.3,10672,80,343,TCP,4.661569094603817
192.168.1.16,10.0.0.3,57496,22,1394,TCP,4.672586017522979
192.168.1.21,10.0.0.9,6317,53,74,UDP,4.688927367906765
192.168.1.49,10.0.0.1,28388,443,300,TCP,4.7040025374989325
192.168.1.2,10.0.0.1,18199,80,1296,TCP,4.71063344842502
192.168.1.44,10.0.0.1,20592,22,987,UDP,4.725161749336425
192.168.1.35,10.0.0.4,4167,443,682,TCP,4.740622670624607
192.168.1.17,10.0.0.1,54763,443,1048,TCP,4.74909811567985
192.168.1.43,10.0.0.9,1770,80,80,TCP,4.758455317954908
192.168.1.18,10.0.0.2,44307,443,285,TCP,4.766585893130883
192.168.1.45,10.0.0.9,26767,25,1341,TCP,4.77544312811335
192.168.1.11,10.0.0.5,15405,80,892,ICMP,4.785234439707331
192.168.1.9,10.0.0.3,64047,53,288,TCP,4.79257399521727
192.168.1.41,10.0.0.1,47561,80,1021,UDP,4.794396779115398
192.168.1.21,10.0.0.3,54891,80,978,TCP,4.804115593863657
192.168.1.48,10.0.0.4,53561,25,306,UDP,4.806959143265967
192.168.1.22,10.0.0.1,26045,443,1192,UDP,4.814589672178467
192.168.1.2,10.0.0.8,65460,22,1377,TCP,4.819087473699088
192.168.1.14,10.0.0.5,8775,25,776,TCP,4.831620311814624
192.168.1.44,10.0.0.3,3778,80,117,TCP,4.84130737791492
192.168.1.42,10.0.0.7,34436,22,1096,TCP,4.8488506466849355
192.168.1.17,10.0.0.1,1434,22,1096,TCP,4.863103032323998
192.168.1.20,10.0.0.7,52046,53,833,TCP,4.872710750535791
192.168.1.9,10.0.0.8,11255,53,969,TCP,4.886087182295928
192.168.1.3,10.0.0.9,19244,443,1361,TCP,4.899669757846895
192.168.1.42,10.0.0.9,56760,443,1146,TCP,4.900669757846895
192.168.1.10,10.0.0.6,13263,53,838,TCP,4.911516437370901
192.168.1.34,10.0.0.3,6658,53,345,TCP,4.926276323594902
192.168.1.22,10.0.0.3,12164,443,1124,UDP,4.935466852849346
192.168.1.27,10.0.0.8,50333,443,1251,UDP,4.950991592275108
192.168.1.17,10.0.0.9,3722,53,466,TCP,4.9644469863601035
192.168.1.7,10.0.0.7,6548,443,426,TCP,4.9848586678553914
192.168.1.20,10.0.0.9,33599,25,504,UDP,4.990857969695926
192.168.1.49,10.0.0.1,16435,25,607,TCP,5.004789783281386
192.168.1.27,10.0.0.1,50248,443,398,UDP,5.018887183489888
192.168.1.35,10.0.0.9,27325,53,913,UDP,5.024979807223202
192.168.1.41,10.0.0.9,63980,25,1206,TCP,5.032630999944002
192.168.1.18,10.0.0.2,62058,25,1029,ICMP,5.045272268544404
192.168.1.22,10.0.0.9,33993,25,1196,UDP,5.0635819209308455
192.168.1.5,10.0.0.7,4860,80,362,TCP,5.073994401248658
192.168.1.30,10.0.0.4,16079,25,797,TCP,5.08611770909671
192.168.1.29,10.0.0.1,63348,53,1121,TCP,5.095048996675322
192.168.1.38,10.0.0.7,1714,53,1360,TCP,5.102596642051204
192.168.1.34,10.0.0.9,59297,22,391,TCP,5.120208386798391
192.168.1.20,10.0.0.6,28697,80,512,TCP,5.13152838825334
192.168.1.13,10.0.0.2,44911,53,1425,ICMP,5.143141490023386
192.168.1.30,10.0.0.2,55380,25,1392,TCP,5.148077817510939
192.168.1.23,10.0.0.8,32828,25,1079,ICMP,5.157629566856727
192.168.1.42,10.0.0.5,38079,80,1092,TCP,5.169774828016568
192.168.1.40,10.0.0.6,57872,80,171,TCP,5.185564885910352
192.168.1.14,10.0.0.7,13054,25,1250,TCP,5.186564885910352
192.168.1.30,10.0.0.6,8910,22,1004,TCP,5.200667907121606
192.168.1.41,10.0.0.7,30467,80,178,ICMP,5.21460975548903
192.168.1.38,10.0.0.7,49313,22,552,TCP,5.220702410067871
192.168.1.22,10.0.0.9,5521,22,764,TCP,5.22609264819845
192.168.1.9,10.0.0.6,6797,443,689,TCP,5.228836723835103
192.168.1.22,10.0.0.7,57667,25,862,TCP,5.243198414645362
192.168.1.5,10.0.0.4,5024,80,88,TCP,5.255261527314371
192.168.1.48,10.0.0.3,52617,25,679,ICMP,5.266396308300546
192.168.1.26,10.0.0.8,47780,443,301,TCP,5.275843861356999
192.168.1.45,10.0.0.2,60994,22,578,TCP,5.284516783120351
192.168.1.27,10.0.0.9,3202,53,725,TCP,5.292064461550095
192.168.1.41,10.0.0.9,12151,25,653,TCP,5.297027961470469
192.168.1.46,10.0.0.2,54005,22,697,UDP,5.305503782192722
192.168.1.35,10.0.0.8,10142,25,926,TCP,5.31031051744191
192.168.1.37,10.0.0.3,40846,53,1086,TCP,5.319932675006071
192.168.1.23,10.0.0.2,19913,80,1344,TCP,5.33042455218844
192.168.1.18,10.0.0.3,18290,80,821,UDP,5.338139698173091
192.168.1.21,10.0.0.4,44514,80,155,TCP,5.347579971560356
192.168.1.35,10.0.0.8,4857,25,931,TCP,5.361357896885393
192.168.1.34,10.0.0.4,61712,22,724,UDP,5.362357896885394
192.168.1.24,10.0.0.4,55014,25,1255,UDP,5.3684167268293255
192.168.1.35,10.0.0.8,14733,22,1097,TCP,5.369416726829326
192.168.1.47,10.0.0.4,54245,80,279,TCP,5.381712177092378
192.168.1.30,10.0.0.9,37749,53,850,TCP,5.388722929211586
192.168.1.2,10.0.0.6,36507,80,81,TCP,5.396520678171564
192.168.1.32,10.0.0.2,26389,53,1068,UDP,5.4077629576667245
192.168.1.49,10.0.0.2,27932,53,436,TCP,5.418120869347578
192.168.1.41,10.0.0.5,42159,80,1023,TCP,5.4263584400489515
192.168.1.6,10.0.0.8,41213,22,401,UDP,5.444949072315472
192.168.1.38,10.0.0.4,39019,25,1357,UDP,5.458727570415597
192.168.1.27,10.0.0.4,11652,80,535,TCP,5.473479540737842
192.168.1.40,10.0.0.4,38690,443,1127,UDP,5.48277389044634
192.168.1.9,10.0.0.3,45220,22,590,ICMP,5.48377389044634
192.168.1.25,10.0.0.7,38594,80,133,TCP,5.4997872214082975
192.168.1.38,10.0.0.7,30117,53,588,TCP,5.507150540410022
192.168.1.31,10.0.0.5,39197,443,608,TCP,5.513615078436129
192.168.1.23,10.0.0.9,56232,53,1495,TCP,5.524316098955856
192.168.1.10,10.0.0.4,17856,80,510,ICMP,5.538368371665368
192.168.1.26,10.0.0.7,64297,80,544,TCP,5.543720923043141
192.168.1.14,10.0.0.8,62296,25,185,ICMP,5.552069183641101
192.168.1.11,10.0.0.5,20204,53,910,TCP,5.563442822494241
192.168.1.45,10.0.0.7,38159,80,1428,TCP,5.581466369321349
192.168.1.25,10.0.0.8,29543,80,370,TCP,5.584650905249639
192.168.1.1,10.0.0.8,54214,25,67,TCP,5.589169877162481
192.168.1.25,10.0.0.6,29897,443,826,ICMP,5.6128670210967
192.168.1.38,10.0.0.8,19667,25,695,TCP,5.63188375854026
192.168.1.12,10.0.0.1,52631,25,603,TCP,5.638390055400648
192.168.1.43,10.0.0.5,24669,80,362,TCP,5.649878416433683
192.168.1.26,10.0.0.5,42567,80,777,TCP,5.665888449389766
192.168.1.11,10.0.0.3,6111,443,1197,ICMP,5.681933497725941
192.168.1.20,10.0.0.4,63174,22,722,ICMP,5.686875799507238
192.168.1.9,10.0.0.8,35207,80,805,UDP,5.68900242137841
192.168.1.8,10.0.0.8,42551,53,1403,ICMP,5.69000242137841
192.168.1.5,10.0.0.7,44306,443,103,ICMP,5.701941365736936
192.168.1.45,10.0.0.6,52812,22,799,TCP,5.721723669266371
192.168.1.16,10.0.0.5,9217,53,278,TCP,5.725172953336722
192.168.1.42,10.0.0.5,16122,22,1455,TCP,5.730479075264487
192.168.1.43,10.0.0.4,10106,22,795,UDP,5.739929500547306
192.168.1.45,10.0.0.8,53656,25,294,TCP,5.753975963363726
192.168.1.28,10.0.0.2,20097,22,1407,TCP,5.761219321449307
192.168.1.11,10.0.0.1,56997,25,542,ICMP,5.766764112393598
192.168.1.40,10.0.0.3,44801,25,587,TCP,5.770284048737456
192.168.1.4,10.0.0.4,20234,53,427,TCP,5.777701383768698
192.168.1.28,10.0.0.6,36354,443,859,TCP,5.783176802125913
192.168.1.35,10.0.0.5,5266,22,475,ICMP,5.786344486748203
192.168.1.40,10.0.0.1,26433,80,930,TCP,5.795944103695074
192.168.1.6,10.0.0.3,61913,22,943,TCP,5.815145329916825
192.168.1.10,10.0.0.9,48017,53,960,TCP,5.824888738008339
192.168.1.48,10.0.0.1,7140,443,1282,UDP,5.830362289476977
192.168.1.33,10.0.0.8,31968,25,374,TCP,5.8353662448964005
192.168.1.48,10.0.0.8,35949,25,606,TCP,5.8496553805980716
192.168.1.11,10.0.0.4,63612,53,391,TCP,5.85876497333729
192.168.1.14,10.0.0.7,58454,53,635,UDP,5.866172426937704
192.168.1.28,10.0.0.2,16006,25,1043,TCP,5.884742867353961
192.168.1.15,10.0.0.8,35084,443,768,TCP,5.896770831318086
192.168.1.4,10.0.0.3,57396,53,844,UDP,5.904838463606551
192.168.1.31,10.0.0.3,31652,80,754,TCP,5.909432088314807
192.168.1.36,10.0.0.5,47586,25,783,UDP,5.91256824261392
192.168.1.36,10.0.0.7,40010,53,265,TCP,5.913909212679929
192.168.1.7,10.0.0.2,7908,22,1437,TCP,5.92341662319136
192.168.1.20,10.0.0.4,30793,53,1434,TCP,5.939923617105165
192.168.1.23,10.0.0.1,40170,25,1448,TCP,5.947092198738301
192.168.1.7,10.0.0.8,8526,22,732,TCP,5.958380208417943
192.168.1.7,10.0.0.6,20439,25,529,TCP,5.969528114616155
192.168.1.27,10.0.0.7,46967,22,1080,TCP,5.987356952465352
192.168.1.18,10.0.0.9,60100,53,620,UDP,5.999058305404138
192.168.1.7,10.0.0.1,57843,22,339,TCP,6.0054545962044275
192.168.1.30,10.0.0.1,2007,22,734,TCP,6.011202253029671
192.168.1.48,10.0.0.5,14457,80,924,TCP,6.016830027443821
192.168.1.41,10.0.0.8,11726,25,788,TCP,6.028358385003439
192.168.1.49,10.0.0.7,11384,25,973,ICMP,6.033704116592776
192.168.1.1,10.0.0.4,56817,22,111,TCP,6.050716569073801
192.168.1.35,10.0.0.8,39448,443,742,TCP,6.069127533722848
192.168.1.5,10.0.0.7,7011,25,591,UDP,6.0886738433830665
192.168.1.49,10.0.0.6,37996,53,1446,TCP,6.0949523456510875
192.168.1.34,10.0.0.2,23781,443,703,TCP,6.1050604839236176
192.168.1.36,10.0.0.1,16909,443,821,TCP,6.112454880734047
192.168.1.33,10.0.0.7,33394,53,450,TCP,6.12290125418865
192.168.1.25,10.0.0.6,49128,53,340,UDP,6.123901254188651
192.168.1.46,10.0.0.5,43545,80,397,UDP,6.1344450120656235
192.168.1.28,10.0.0.3,56997,53,696,UDP,6.139915402378758
192.168.1.20,10.0.0.6,49354,25,377,TCP,6.148663517590932
192.168.1.1,10.0.0.7,22982,443,454,TCP,6.164579490600622
192.168.1.35,10.0.0.8,9337,25,1074,TCP,6.167978319751429
192.168.1.20,10.0.0.7,8237,53,772,TCP,6.175878965725343
192.168.1.4,10.0.0.8,19761,53,999,UDP,6.195357385618694
192.168.1.2,10.0.0.3,32294,53,1256,TCP,6.214251398557379
192.168.1.4,10.0.0.5,60386,22,603,TCP,6.226699003307071
192.168.1.36,10.0.0.2,62627,25,1100,TCP,6.234550531835976
192.168.1.27,10.0.0.5,23201,443,943,TCP,6.235550531835976
192.168.1.14,10.0.0.9,55352,25,1004,TCP,6.250711514120846
192.168.1.42,10.0.0.5,28584,443,433,TCP,6.261728620845583
192.168.1.29,10.0.0.4,18565,443,523,TCP,6.278333978641528
192.168.1.43,10.0.0.2,52215,443,950,TCP,6.279658631426918
192.168.1.5,10.0.0.2,22772,80,999,TCP,6.292759829489586
192.168.1.30,10.0.0.3,34048,53,787,ICMP,6.30682606801035
192.168.1.15,10.0.0.9,22637,80,181,TCP,6.317667444045211
192.168.1.15,10.0.0.4,32612,25,1406,TCP,6.333673855714925
192.168.1.47,10.0.0.6,7383,25,975,TCP,6.3409534793802615
192.168.1.31,10.0.0.9,39195,53,218,UDP,6.353259448336455
192.168.1.35,10.0.0.8,20245,80,981,TCP,6.365569174391381
192.168.1.16,10.0.0.8,4756,443,370,TCP,6.380891625090724
192.168.1.29,10.0.0.6,25189,80,1257,TCP,6.389856909650063
192.168.1.19,10.0.0.6,27236,22,378,ICMP,6.399365809825288
192.168.1.41,10.0.0.1,12628,25,466,TCP,6.412284730479166
192.168.1.5,10.0.0.1,45997,25,399,UDP,6.43555344956295
192.168.1.42,10.0.0.6,32090,443,425,UDP,6.440342061810787
192.168.1.11,10.0.0.2,22318,25,1000,TCP,6.458782601530865
192.168.1.6,10.0.0.5,8004,443,1342,TCP,6.478110991376544
192.168.1.48,10.0.0.7,43580,25,1345,ICMP,6.479110991376544
192.168.1.23,10.0.0.7,4185,80,863,UDP,6.492152683612464
192.168.1.34,10.0.0.3,8875,25,1290,UDP,6.4975989233588844
192.168.1.44,10.0.0.2,45810,80,134,TCP,6.512477562094719
192.168.1.27,10.0.0.9,8277,443,1213,TCP,6.52812420473604
192.168.1.7,10.0.0.1,20525,22,1132,TCP,6.543654742548356
192.168.1.20,10.0.0.7,42402,80,1281,UDP,6.55103971342765
192.168.1.35,10.0.0.4,16198,25,630,UDP,6.556896427168012
192.168.1.5,10.0.0.5,28892,80,201,TCP,6.571904550022682
192.168.1.37,10.0.0.9,41198,80,303,TCP,6.578322630257693
192.168.1.12,10.0.0.4,3331,80,496,TCP,6.596875526809223
192.168.1.49,10.0.0.3,15057,53,900,UDP,6.6108167339016335
192.168.1.19,10.0.0.4,38209,80,888,ICMP,6.626216529702392
192.168.1.26,10.0.0.5,52882,80,1103,TCP,6.643965556818906
192.168.1.30,10.0.0.2,52741,53,448,TCP,6.649194839918156
192.168.1.31,10.0.0.6,41138,53,1495,UDP,6.665029178988761
192.168.1.37,10.0.0.5,56873,25,434,TCP,6.672453429796841
192.168.1.14,10.0.0.2,56357,22,185,TCP,6.681395639275398
192.168.1.31,10.0.0.3,60779,25,300,TCP,6.697786978148877
192.168.1.12,10.0.0.7,6428,22,292,TCP,6.715481834192974
192.168.1.13,10.0.0.2,29041,443,1186,TCP,6.725879787998508
192.168.1.17,10.0.0.1,13416,22,344,ICMP,6.7440465139962065
192.168.1.8,10.0.0.7,48474,25,633,TCP,6.748226090823307
192.168.1.35,10.0.0.3,15351,53,200,TCP,6.762653354255561
192.168.1.15,10.0.0.5,45531,22,116,TCP,6.773560941325864
192.168.1.41,10.0.0.4,42372,80,1237,ICMP,6.781390734612782
192.168.1.18,10.0.0.5,62135,80,552,UDP,6.78511395035054
192.168.1.41,10.0.0.1,17872,25,821,UDP,6.792129884946489
192.168.1.24,10.0.0.2,47942,53,1076,UDP,6.810663626009687
192.168.1.44,10.0.0.4,29993,22,1207,TCP,6.819799559113861
192.168.1.40,10.0.0.3,31915,25,689,TCP,6.835243896839644
192.168.1.28,10.0.0.8,36177,22,1250,TCP,6.837698370665878
192.168.1.47,10.0.0.8,23505,80,76,TCP,6.8538498515287145
192.168.1.42,10.0.0.4,48617,80,1337,TCP,6.865798516859231
192.168.1.11,10.0.0.5,6113,80,481,TCP,6.886696502770316
192.168.1.21,10.0.0.3,14006,53,593,UDP,6.8960067937760545
192.168.1.10,10.0.0.7,52802,443,909,TCP,6.903746766783491
192.168.1.35,10.0.0.6,47170,80,1172,TCP,6.914678042749749
192.168.1.38,10.0.0.5,52451,443,980,ICMP,6.919770271529197
192.168.1.26,10.0.0.9,8358,22,487,TCP,6.922483122437201
192.168.1.36,10.0.0.6,44448,80,394,TCP,6.931820721994802
192.168.1.25,10.0.0.3,14457,80,842,TCP,6.9414082937853525
192.168.1.28,10.0.0.3,31665,443,1484,ICMP,6.95616589305413
192.168.1.18,10.0.0.7,11768,53,939,UDP,6.960863748033747
192.168.1.13,10.0.0.8,1422,53,1494,TCP,6.978438895692309
192.168.1.41,10.0.0.8,16749,25,1174,TCP,6.983587698992891
192.168.1.10,10.0.0.3,62272,80,1185,TCP,6.996285785839101
192.168.1.1,10.0.0.8,46055,443,1224,TCP,7.005375888549052
192.168.1.6,10.0.0.3,53262,25,753,TCP,7.018355832191194
192.168.1.26,10.0.0.2,19066,80,656,TCP,7.0300381919871
192.168.1.25,10.0.0.8,63204,443,908,TCP,7.0446510397303435
192.168.1.1,10.0.0.9,46984,53,857,ICMP,7.056317132850863
192.168.1.13,10.0.0.8,9235,80,239,TCP,7.0628283387005935
192.168.1.2,10.0.0.1,22977,25,694,UDP,7.07220283843435
192.168.1.35,10.0.0.4,21419,25,1077,TCP,7.073202838434351
192.168.1.12,10.0.0.5,15864,22,1231,TCP,7.074202838434351
192.168.1.8,10.0.0.6,13747,22,356,UDP,7.085126214651255
192.168.1.8,10.0.0.7,61027,53,1204,ICMP,7.086126214651255
192.168.1.16,10.0.0.2,11202,25,1223,TCP,7.1004277888887115
192.168.1.34,10.0.0.3,23867,22,949,TCP,7.108839459444951
192.168.1.3,10.0.0.2,30587,80,76,TCP,7.1192760135254085
192.168.1.44,10.0.0.7,57149,25,735,ICMP,7.121639340011841
192.168.1.25,10.0.0.3,24735,22,744,ICMP,7.133877669123724
192.168.1.10,10.0.0.1,55416,53,201,UDP,7.136506726826059
192.168.1.41,10.0.0.7,16053,25,910,TCP,7.147223543527421
192.168.1.3,10.0.0.6,65040,443,1380,TCP,7.1607635612421285
192.168.1.8,10.0.0.4,43953,80,326,ICMP,7.169339738139427
192.168.1.13,10.0.0.6,65224,80,974,TCP,7.190056538277268
192.168.1.44,10.0.0.3,6317,25,996,TCP,7.195885166381172
192.168.1.40,10.0.0.4,64584,25,744,TCP,7.207188604765355
192.168.1.44,10.0.0.6,53231,25,1328,TCP,7.216849292956943
192.168.1.42,10.0.0.1,22862,443,969,TCP,7.233139040940307
192.168.1.8,10.0.0.6,56564,443,325,TCP,7.239592763606876
192.168.1.26,10.0.0.6,32998,80,931,TCP,7.249656032551207
192.168.1.31,10.0.0.1,62074,25,1428,TCP,7.255463391126013
192.168.1.26,10.0.0.2,5735,22,778,UDP,7.263987169442624
192.168.1.26,10.0.0.3,64378,443,142,TCP,7.270839916588149
192.168.1.4,10.0.0.5,44585,22,713,ICMP,7.282362762886338
192.168.1.10,10.0.0.1,45985,22,143,TCP,7.283362762886338
192.168.1.14,10.0.0.7,26745,443,1465,TCP,7.286896910575275
192.168.1.17,10.0.0.6,51626,443,1120,UDP,7.296666220133385
192.168.1.32,10.0.0.5,11230,22,1206,TCP,7.308270343744244
192.168.1.38,10.0.0.7,54087,443,161,UDP,7.323100850656168
192.168.1.13,10.0.0.2,25546,443,1084,TCP,7.324100850656168
192.168.1.11,10.0.0.7,43370,80,922,TCP,7.3433187667801505
192.168.1.46,10.0.0.3,61159,53,1062,ICMP,7.346987715962747
192.168.1.41,10.0.0.1,43199,25,129,TCP,7.360009355346592
192.168.1.16,10.0.0.8,36870,80,956,UDP,7.366520634614936
192.168.1.33,10.0.0.9,34254,53,501,TCP,7.386253377987104
192.168.1.25,10.0.0.4,6399,80,1166,TCP,7.39481555298816
192.168.1.4,10.0.0.9,32849,25,1146,TCP,7.404591667306694
192.168.1.18,10.0.0.4,14123,443,1009,UDP,7.406797912701731
192.168.1.32,10.0.0.6,53969,22,212,TCP,7.411926760213956
192.168.1.22,10.0.0.1,14343,443,325,TCP,7.421188116476767
192.168.1.36,10.0.0.1,21973,25,1235,TCP,7.439541413549431
192.168.1.36,10.0.0.2,19303,443,311,UDP,7.448848952568052
192.168.1.29,10.0.0.2,58710,80,195,TCP,7.463245258826973
192.168.1.22,10.0.0.1,50070,53,987,TCP,7.472118659622511
192.168.1.2,10.0.0.3,3677,80,669,TCP,7.483111422270044
192.168.1.11,10.0.0.2,56110,53,1451,TCP,7.490937217077604
192.168.1.45,10.0.0.6,61424,25,829,TCP,7.508283630919244
192.168.1.18,10.0.0.9,36118,25,888,ICMP,7.52655659845052
192.168.1.14,10.0.0.4,6539,80,1320,UDP,7.536831195426177
192.168.1.23,10.0.0.6,30753,53,1166,TCP,7.545543459692997
192.168.1.32,10.0.0.4,8339,80,951,TCP,7.555326883254069
192.168.1.41,10.0.0.6,28383,443,914,UDP,7.563247134710896
192.168.1.7,10.0.0.6,60852,22,238,TCP,7.576265631742636
192.168.1.28,10.0.0.6,63514,22,131,TCP,7.588709024795592
192.168.1.31,10.0.0.2,29944,22,499,TCP,7.5983151221684455
192.168.1.31,10.0.0.5,35402,80,852,TCP,7.602610170887261
192.168.1.37,10.0.0.8,36793,25,100,TCP,7.603610170887261
192.168.1.39,10.0.0.6,21051,80,1163,TCP,7.611176710876354
192.168.1.32,10.0.0.1,20777,25,1381,TCP,7.61574304640054
192.168.1.41,10.0.0.5,28497,25,658,TCP,7.6195967910369005
192.168.1.43,10.0.0.9,33275,443,634,TCP,7.62536795479148
192.168.1.20,10.0.0.6,33855,80,577,TCP,7.635763066704767
192.168.1.17,10.0.0.3,3098,443,756,TCP,7.647836340167742
192.168.1.15,10.0.0.5,25159,443,1186,TCP,7.6627287654170955
192.168.1.38,10.0.0.3,57900,22,392,ICMP,7.67134962290955
192.168.1.34,10.0.0.6,50544,443,803,TCP,7.682127695289111
192.168.1.23,10.0.0.3,52671,443,729,TCP,7.690873172860471
192.168.1.13,10.0.0.6,15459,22,526,ICMP,7.692780016454379
192.168.1.22,10.0.0.3,43780,80,355,TCP,7.705090311619756
192.168.1.40,10.0.0.6,31115,80,1201,TCP,7.720114222123696
192.168.1.47,10.0.0.6,34993,53,806,TCP,7.730490704137634
192.168.1.28,10.0.0.1,12462,25,583,UDP,7.741250701572026
192.168.1.1,10.0.0.5,41138,22,1469,TCP,7.752106653253047
192.168.1.19,10.0.0.4,7357,443,378,TCP,7.761802951364732
192.168.1.28,10.0.0.1,35118,80,524,UDP,7.770164312502719
192.168.1.14,10.0.0.7,27678,25,1093,TCP,7.781484927142435
192.168.1.3,10.0.0.8,40512,22,1449,TCP,7.782484927142435
192.168.1.27,10.0.0.3,4966,80,867,TCP,7.783484927142435
192.168.1.45,10.0.0.7,5236,22,373,ICMP,7.7939191207303375
192.168.1.11,10.0.0.6,48523,53,405,TCP,7.796306077685112
192.168.1.17,10.0.0.5,44186,22,809,TCP,7.8094915418325055
192.168.1.4,10.0.0.1,4747,80,925,UDP,7.823515823326337
192.168.1.32,10.0.0.2,10063,443,203,TCP,7.836381991317297
192.168.1.9,10.0.0.4,29441,443,1078,TCP,7.837381991317297
192.168.1.36,10.0.0.8,52846,443,1111,TCP,7.8448766756739055
192.168.1.27,10.0.0.2,60945,443,902,TCP,7.8606863318579965
192.168.1.43,10.0.0.9,28610,22,297,TCP,7.877292786923601
192.168.1.2,10.0.0.5,31325,80,885,TCP,7.894301441063566
192.168.1.42,10.0.0.9,33749,22,992,TCP,7.899848424784292
192.168.1.45,10.0.0.4,50045,22,1406,TCP,7.911202680916511
192.168.1.17,10.0.0.5,27826,53,1332,UDP,7.921369433929863
192.168.1.27,10.0.0.3,56965,22,138,TCP,7.9271299184833275
192.168.1.6,10.0.0.5,28074,443,385,ICMP,7.934135619735194
192.168.1.29,10.0.0.4,19297,25,279,ICMP,7.9484184766223684
192.168.1.4,10.0.0.7,58477,53,804,UDP,7.969092229010286
192.168.1.30,10.0.0.9,37911,22,336,TCP,7.985507317443532
192.168.1.29,10.0.0.6,14732,80,230,TCP,7.996472624914988
192.168.1.12,10.0.0.6,55421,25,211,ICMP,7.997472624914988
192.168.1.34,10.0.0.2,52386,25,265,UDP,8.009430538467571
192.168.1.38,10.0.0.3,16335,25,1440,UDP,8.01487586105731
192.168.1.34,10.0.0.4,46970,53,1189,ICMP,8.0276435298738
192.168.1.48,10.0.0.4,10485,25,556,ICMP,8.033941883627689
192.168.1.30,10.0.0.9,27909,80,403,UDP,8.034941883627688
192.168.1.2,10.0.0.9,40657,80,704,TCP,8.048352729094454
192.168.1.10,10.0.0.4,61820,443,903,TCP,8.058221405405455
192.168.1.25,10.0.0.6,17287,25,862,TCP,8.070127051854165
192.168.1.34,10.0.0.7,46896,22,1311,TCP,8.085764054345674
192.168.1.28,10.0.0.8,48756,443,663,TCP,8.091699866780097
192.168.1.46,10.0.0.8,21859,80,353,ICMP,8.10524985204643
192.168.1.7,10.0.0.4,1702,80,433,TCP,8.111922452435978
192.168.1.37,10.0.0.6,43407,22,264,TCP,8.116858101148132
192.168.1.42,10.0.0.3,43859,25,813,TCP,8.122649397948635
192.168.1.46,10.0.0.7,65114,80,181,TCP,8.134017591734185
192.168.1.46,10.0.0.4,53500,80,728,UDP,8.153033077167956
192.168.1.14,10.0.0.5,37029,25,748,TCP,8.176642461609738
192.168.1.41,10.0.0.6,49939,53,339,TCP,8.185881777365557
192.168.1.27,10.0.0.7,51505,443,1323,TCP,8.1978570041873
192.168.1.12,10.0.0.7,26091,80,359,UDP,8.20440976940773
192.168.1.49,10.0.0.1,45903,443,1400,TCP,8.217178003544129
192.168.1.10,10.0.0.9,43238,443,419,TCP,8.21829812861936
192.168.1.16,10.0.0.7,38338,80,1381,TCP,8.233075021031325
192.168.1.24,10.0.0.5,57351,80,366,TCP,8.246666868457183
192.168.1.5,10.0.0.7,57773,53,139,TCP,8.257254540888146
192.168.1.14,10.0.0.6,9256,80,262,TCP,8.27383246543177
192.168.1.12,10.0.0.1,57837,53,225,TCP,8.284950691335267
192.168.1.40,10.0.0.2,49921,25,1402,UDP,8.286721267257551
192.168.1.10,10.0.0.1,8260,25,528,TCP,8.295955667905487
192.168.1.7,10.0.0.1,11219,443,1305,TCP,8.314551614028248
192.168.1.15,10.0.0.2,12576,443,238,TCP,8.322236929617679
192.168.1.40,10.0.0.9,50103,443,350,UDP,8.334538712429273
192.168.1.12,10.0.0.5,25187,80,1325,TCP,8.342716853993641
192.168.1.32,10.0.0.7,56967,443,1237,UDP,8.355604435131996
192.168.1.23,10.0.0.5,37285,25,120,TCP,8.370627976714188
192.168.1.23,10.0.0.2,36719,80,887,TCP,8.376602172655257
192.168.1.45,10.0.0.3,40892,80,140,ICMP,8.389795821080437
192.168.1.41,10.0.0.4,43709,443,619,TCP,8.398957017924463
192.168.1.43,10.0.0.3,11389,443,912,UDP,8.400792762728653
192.168.1.38,10.0.0.3,22744,53,579,TCP,8.421619236923648
192.168.1.6,10.0.0.8,8344,25,91,TCP,8.43092600595704
192.168.1.20,10.0.0.9,26375,443,540,ICMP,8.434734457131237
192.168.1.35,10.0.0.2,13726,443,70,UDP,8.44722877213177
192.168.1.38,10.0.0.7,8760,443,1290,UDP,8.45958940287526
192.168.1.49,10.0.0.6,26231,443,1240,TCP,8.468857377511023
192.168.1.46,10.0.0.9,36138,25,171,TCP,8.474133628836444
192.168.1.14,10.0.0.5,23851,22,483,UDP,8.490032219952607
192.168.1.42,10.0.0.4,30521,80,1421,TCP,8.495543928603984
192.168.1.12,10.0.0.3,48390,25,1360,TCP,8.505503294568749
192.168.1.19,10.0.0.7,57649,22,1173,UDP,8.520198171487198
192.168.1.29,10.0.0.2,24590,443,1155,TCP,8.527713322384473
192.168.1.1,10.0.0.6,26356,443,1330,TCP,8.550158796147045
192.168.1.42,10.0.0.7,30892,80,631,TCP,8.563179009900502
192.168.1.14,10.0.0.9,2372,22,1229,TCP,8.57766092917315
192.168.1.13,10.0.0.9,4149,22,783,UDP,8.59071157365605
192.168.1.27,10.0.0.2,22384,443,514,TCP,8.604571056855486
192.168.1.41,10.0.0.4,60096,53,805,TCP,8.61009611512478
192.168.1.42,10.0.0.6,26979,80,1324,TCP,8.618723155437165
192.168.1.11,10.0.0.1,60351,22,541,TCP,8.633514002980952
192.168.1.2,10.0.0.8,44328,22,954,TCP,8.64519735125658
192.168.1.25,10.0.0.3,17320,443,1411,TCP,8.659123378519672
192.168.1.48,10.0.0.3,28603,25,216,TCP,8.66748386494977
192.168.1.27,10.0.0.3,27000,80,1094,ICMP,8.678713628869108
192.168.1.16,10.0.0.2,30619,443,1182,ICMP,8.688705778624632
192.168.1.25,10.0.0.2,19737,25,1147,TCP,8.702840840214124
192.168.1.18,10.0.0.2,36638,53,1035,TCP,8.714870950079124
192.168.1.45,10.0.0.7,42452,25,1170,ICMP,8.731552842617834
192.168.1.2,10.0.0.6,44190,25,192,UDP,8.740215865687716
192.168.1.45,10.0.0.4,59140,53,1409,TCP,8.74637798647489
192.168.1.4,10.0.0.5,49069,53,512,UDP,8.75289336643179
192.168.1.33,10.0.0.1,14687,25,578,TCP,8.761760218773306
192.168.1.8,10.0.0.2,20027,443,622,TCP,8.772321569903015
192.168.1.15,10.0.0.7,59885,22,685,TCP,8.777790156687995
192.168.1.29,10.0.0.2,65193,25,1079,TCP,8.786445419182552
192.168.1.4,10.0.0.2,30127,443,1002,TCP,8.79763515053715
192.168.1.46,10.0.0.2,11635,22,704,TCP,8.814766649123845
192.168.1.25,10.0.0.1,12026,25,1312,UDP,8.825856191509217
192.168.1.13,10.0.0.8,4935,443,1078,UDP,8.837704445264494
192.168.1.32,10.0.0.5,48621,53,262,TCP,8.840153342602788
192.168.1.47,10.0.0.7,22860,22,716,TCP,8.844634167079201
192.168.1.45,10.0.0.4,1743,53,1010,TCP,8.856220648972153
192.168.1.32,10.0.0.3,28709,443,106,TCP,8.871829433245473
192.168.1.10,10.0.0.4,30350,443,1214,UDP,8.88157310085309
192.168.1.21,10.0.0.2,12452,25,1109,TCP,8.886449307016804
192.168.1.34,10.0.0.7,60784,25,722,TCP,8.892143507923599
192.168.1.23,10.0.0.6,21817,53,1061,TCP,8.900087313378263
192.168.1.36,10.0.0.8,41011,80,382,TCP,8.911052247642987
192.168.1.46,10.0.0.7,47256,25,253,ICMP,8.915397587549927
192.168.1.46,10.0.0.6,6728,22,261,TCP,8.929523464702989
192.168.1.11,10.0.0.5,59127,25,1237,TCP,8.93980339117683
192.168.1.8,10.0.0.7,57659,443,1220,UDP,8.949221642526489
192.168.1.32,10.0.0.7,7637,25,880,TCP,8.974563688281624
192.168.1.35,10.0.0.4,42044,80,1296,ICMP,8.985021769948524
192.168.1.5,10.0.0.8,44139,25,1285,UDP,8.995076858964756
192.168.1.15,10.0.0.3,21193,25,1196,ICMP,9.001289915025351
192.168.1.22,10.0.0.1,50009,80,1478,ICMP,9.012277996522991
192.168.1.49,10.0.0.2,14527,53,336,UDP,9.02610350232464
192.168.1.35,10.0.0.6,59984,53,942,UDP,9.030327642087368
192.168.1.16,10.0.0.1,35080,443,1153,TCP,9.041582369231419
192.168.1.48,10.0.0.6,25494,53,1082,TCP,9.049656742286178
192.168.1.24,10.0.0.9,62205,80,459,TCP,9.064795488735454
192.168.1.10,10.0.0.8,47874,25,1281,TCP,9.068526015008837
192.168.1.17,10.0.0.5,6144,53,1475,TCP,9.075786527245038
192.168.1.37,10.0.0.6,25235,22,954,TCP,9.085643646084458
192.168.1.11,10.0.0.5,12073,25,327,TCP,9.099927578009586
192.168.1.14,10.0.0.1,38470,22,602,TCP,9.10596253877034
192.168.1.14,10.0.0.8,13896,443,681,TCP,9.117852429478052
192.168.1.29,10.0.0.8,23941,22,67,ICMP,9.13203265247658
192.168.1.11,10.0.0.1,28319,53,275,TCP,9.139468943139013
192.168.1.31,10.0.0.3,11428,25,964,TCP,9.15175788891236
192.168.1.5,10.0.0.5,12612,443,201,TCP,9.16695540711825
192.168.1.37,10.0.0.7,45003,53,575,UDP,9.173515602774943
192.168.1.49,10.0.0.3,21718,80,945,TCP,9.178723309465205
192.168.1.41,10.0.0.8,43434,80,1438,TCP,9.196646633906619
192.168.1.36,10.0.0.6,60146,80,1282,TCP,9.215025246540632
192.168.1.22,10.0.0.7,16118,25,759,TCP,9.232895298056429
192.168.1.47,10.0.0.1,25322,443,97,TCP,9.237746380439521
192.168.1.15,10.0.0.3,36099,25,345,UDP,9.250562111780805
192.168.1.4,10.0.0.7,58918,80,221,UDP,9.257245758085215
192.168.1.27,10.0.0.5,58498,22,227,TCP,9.275304532386457
192.168.1.38,10.0.0.9,36342,25,1127,TCP,9.29339496579779
192.168.1.4,10.0.0.1,55047,53,1468,TCP,9.301829189287284
192.168.1.30,10.0.0.4,25033,25,348,TCP,9.319577769017823
192.168.1.12,10.0.0.7,57523,25,783,TCP,9.32788394250543
192.168.1.24,10.0.0.1,43771,80,772,TCP,9.336615161178171
192.168.1.20,10.0.0.1,1765,443,805,TCP,9.34314951270016
192.168.1.4,10.0.0.2,5866,25,1135,TCP,9.346002656728745
192.168.1.39,10.0.0.3,51016,25,975,UDP,9.358000416605973
192.168.1.18,10.0.0.6,58983,22,833,TCP,9.368426257315983
192.168.1.35,10.0.0.1,23784,443,797,TCP,9.380440215000123
192.168.1.19,10.0.0.2,32685,25,1283,TCP,9.3887965747807
192.168.1.49,10.0.0.2,40549,53,1364,TCP,9.394242724469594
192.168.1.10,10.0.0.7,48504,22,176,TCP,9.39971178895683
192.168.1.25,10.0.0.1,38420,80,1379,TCP,9.421726581229986
192.168.1.30,10.0.0.3,31013,25,970,ICMP,9.42708151512697
192.168.1.35,10.0.0.4,8626,25,1149,ICMP,9.442453831808056
192.168.1.43,10.0.0.1,4255,53,463,TCP,9.456360566923435
192.168.1.12,10.0.0.2,55388,53,1152,TCP,9.464865431721291
192.168.1.14,10.0.0.2,13900,53,1442,TCP,9.48453895856302
192.168.1.28,10.0.0.5,27987,80,1274,TCP,9.498987210565721
192.168.1.29,10.0.0.5,30121,443,567,ICMP,9.49998721056572
192.168.1.47,10.0.0.4,34209,80,708,TCP,9.512706662813843
192.168.1.4,10.0.0.8,28433,53,708,TCP,9.524273441657247
192.168.1.13,10.0.0.5,35664,443,552,UDP,9.534253007815382
192.168.1.27,10.0.0.5,30393,80,364,UDP,9.537620557401295
192.168.1.38,10.0.0.3,19153,53,553,TCP,9.55291974209635
192.168.1.19,10.0.0.6,63586,80,951,TCP,9.565188261506298
192.168.1.31,10.0.0.3,13416,443,295,TCP,9.588030760033371
192.168.1.1,10.0.0.4,16709,22,872,UDP,9.596125458536504
192.168.1.45,10.0.0.4,32114,80,1453,TCP,9.604254891936089
192.168.1.15,10.0.0.3,6838,53,71,ICMP,9.616272857887518
192.168.1.40,10.0.0.4,50082,53,902,TCP,9.632847836948827
192.168.1.4,10.0.0.9,18409,443,1369,UDP,9.636785800055222
192.168.1.25,10.0.0.7,65325,80,382,TCP,9.645207604912098
192.168.1.47,10.0.0.8,2825,25,610,UDP,9.653815360583623
192.168.1.10,10.0.0.1,29876,443,194,TCP,9.659375850654289
192.168.1.38,10.0.0.3,7973,53,914,TCP,9.666400398133028
192.168.1.7,10.0.0.9,56038,443,1464,UDP,9.680375957395627
192.168.1.11,10.0.0.7,51701,22,539,ICMP,9.681375957395627
192.168.1.29,10.0.0.3,15390,22,531,UDP,9.695413140781532
192.168.1.43,10.0.0.5,46323,80,1398,TCP,9.70279438856821
192.168.1.47,10.0.0.9,14550,53,174,TCP,9.70848744858162
192.168.1.20,10.0.0.1,17503,443,135,TCP,9.71338874819349
192.168.1.18,10.0.0.4,44300,22,1366,TCP,9.724170826904217
192.168.1.38,10.0.0.3,11620,53,483,TCP,9.740654157428976
192.168.1.8,10.0.0.3,61515,443,393,ICMP,9.745599158371839
192.168.1.15,10.0.0.9,22007,53,1321,ICMP,9.757693221386463
192.168.1.39,10.0.0.4,54612,22,507,UDP,9.758693221386462
192.168.1.4,10.0.0.9,61441,25,1068,TCP,9.76850093098965
192.168.1.31,10.0.0.9,63341,53,180,TCP,9.771204483948132
192.168.1.18,10.0.0.5,29272,22,1236,UDP,9.780410102921845
192.168.1.41,10.0.0.2,63897,53,1179,TCP,9.790434467990345
192.168.1.5,10.0.0.5,3985,80,1015,TCP,9.80481565466847
192.168.1.37,10.0.0.4,42624,25,1391,TCP,9.815770050471539
192.168.1.29,10.0.0.9,3947,53,1217,TCP,9.828112648305494
192.168.1.10,10.0.0.7,49007,443,1356,TCP,9.837650238070522
192.168.1.31,10.0.0.6,46459,443,440,TCP,9.849173246385128
192.168.1.18,10.0.0.6,1683,80,1474,TCP,9.860517875599266
192.168.1.36,10.0.0.9,39912,25,814,TCP,9.88266602018813
192.168.1.47,10.0.0.8,5422,22,1080,ICMP,9.887009010356172
192.168.1.36,10.0.0.3,50592,80,1484,TCP,9.902444023031375
192.168.1.3,10.0.0.8,19514,443,215,TCP,9.905045953218046
192.168.1.49,10.0.0.9,26851,22,69,TCP,9.920128556234323
192.168.1.5,10.0.0.7,21237,53,94,TCP,9.924360678336823
192.168.1.34,10.0.0.9,45671,80,1209,TCP,9.94120576605126
192.168.1.40,10.0.0.2,52428,25,926,TCP,9.952472871157148
192.168.1.16,10.0.0.4,46971,80,793,TCP,9.95877099883538
192.168.1.17,10.0.0.5,65086,53,891,TCP,9.976055880337553
192.168.1.10,10.0.0.7,24526,53,1438,TCP,9.98771905608202
192.168.1.35,10.0.0.7,8907,80,1160,ICMP,9.998671386249011
192.168.1.17,10.0.0.9,52735,22,165,TCP,10.011208766714995
192.168.1.42,10.0.0.7,9517,25,458,TCP,10.02272333968358
192.168.1.5,10.0.0.8,4399,25,875,TCP,10.035264155767315
192.168.1.45,10.0.0.2,1255,443,651,TCP,10.047293153469846
192.168.1.49,10.0.0.9,21924,53,121,ICMP,10.05741252237683
192.168.1.41,10.0.0.8,17436,443,464,UDP,10.072569711123094
192.168.1.28,10.0.0.3,55850,53,1022,ICMP,10.081576481806422
192.168.1.28,10.0.0.3,3429,80,809,TCP,10.09221297778592
192.168.1.49,10.0.0.2,25678,443,329,TCP,10.09321297778592
192.168.1.3,10.0.0.4,61549,443,1369,TCP,10.10566108285078
192.168.1.7,10.0.0.4,30091,443,633,UDP,10.121294596540789
192.168.1.6,10.0.0.1,46955,25,1231,UDP,10.134426574086444
192.168.1.22,10.0.0.1,32158,53,373,TCP,10.142689917323285
192.168.1.33,10.0.0.5,37216,80,759,TCP,10.16084894812601
192.168.1.3,10.0.0.7,5545,443,879,TCP,10.169671757068173
192.168.1.9,10.0.0.9,3921,25,1269,TCP,10.185800609614622
192.168.1.22,10.0.0.7,59255,80,233,ICMP,10.194199402908227
192.168.1.47,10.0.0.8,10339,443,1221,TCP,10.205748098464994
